{
  "Atelectasis": {
    "a": 0.9634744115879406,
    "b": -1.9990860013114997
  },
  "Cardiomegaly": {
    "a": 1.020432677908061,
    "b": -3.8008759457072196
  },
  "Consolidation": {
    "a": 1.0507714421539052,
    "b": -3.134913201050628
  },
  "Edema": {
    "a": 1.1263629235707646,
    "b": -4.282801121300088
  },
  "Effusion": {
    "a": 0.941524871112468,
    "b": -2.0941740267813542
  },
  "Emphysema": {
    "a": 0.8379625301333222,
    "b": -3.3551923608518197
  },
  "Fibrosis": {
    "a": 1.3309213179969526,
    "b": -4.1316890877382875
  },
  "Hernia": {
    "a": 0.9470460295962045,
    "b": -6.750017038306209
  },
  "Infiltration": {
    "a": 1.0086207368740219,
    "b": -1.4477377869481187
  },
  "Mass": {
    "a": 0.9690829050192367,
    "b": -3.0557754708280096
  },
  "Nodule": {
    "a": 0.9771533787484091,
    "b": -2.5794295890209042
  },
  "Pleural_Thickening": {
    "a": 1.2026912958722629,
    "b": -3.1173964744098126
  },
  "Pneumonia": {
    "a": 1.1643691004445016,
    "b": -4.661424016473386
  },
  "Pneumothorax": {
    "a": 0.9478603880502242,
    "b": -2.5998916398170775
  }
}