{
  "Atelectasis": 0.053714338690042496,
  "Cardiomegaly": 0.012698102742433548,
  "Consolidation": 0.0157028678804636,
  "Edema": 0.0053381770849227905,
  "Effusion": 0.07292022556066513,
  "Emphysema": 0.017095593735575676,
  "Fibrosis": 0.002822180511429906,
  "Hernia": 0.00026504704146645963,
  "Infiltration": 0.10479788482189178,
  "Mass": 0.01865551993250847,
  "Nodule": 0.031387124210596085,
  "Pleural_Thickening": 0.014227936044335365,
  "Pneumonia": 0.002116522053256631,
  "Pneumothorax": 0.015604941174387932
}