{
  "Atelectasis": 0.21738407015800476,
  "Cardiomegaly": 0.03822632506489754,
  "Consolidation": 0.09751236438751221,
  "Edema": 0.030625704675912857,
  "Effusion": 0.23369699716567993,
  "Emphysema": 0.027889130637049675,
  "Fibrosis": 0.03308085352182388,
  "Hernia": 0.00018783073755912483,
  "Infiltration": 0.2966655194759369,
  "Mass": 0.07113653421401978,
  "Nodule": 0.09819205105304718,
  "Pleural_Thickening": 0.08901285380125046,
  "Pneumonia": 0.020110996440052986,
  "Pneumothorax": 0.0832093134522438
}