{
  "Atelectasis": {
    "a": 1.057806769712637,
    "b": -2.127116001678271
  },
  "Cardiomegaly": {
    "a": 0.9576689935465568,
    "b": -4.002152706399657
  },
  "Consolidation": {
    "a": 0.9724572044670396,
    "b": -2.9724726384272175
  },
  "Edema": {
    "a": 1.3201390851770214,
    "b": -4.6488991110297695
  },
  "Effusion": {
    "a": 0.9427319118579639,
    "b": -2.013467056829146
  },
  "Emphysema": {
    "a": 0.9310625172559392,
    "b": -4.279431105646661
  },
  "Fibrosis": {
    "a": 1.151184680450884,
    "b": -4.30063475846186
  },
  "Hernia": {
    "a": 0.9128403956510706,
    "b": -6.511531728047946
  },
  "Infiltration": {
    "a": 1.0668572091657618,
    "b": -1.5482399535945914
  },
  "Mass": {
    "a": 1.0251956802428404,
    "b": -3.1158527044864406
  },
  "Nodule": {
    "a": 1.1320948358188363,
    "b": -2.913059433741072
  },
  "Pleural_Thickening": {
    "a": 0.9822663938186942,
    "b": -3.468631101812094
  },
  "Pneumonia": {
    "a": 1.5020527384823708,
    "b": -4.404743224993132
  },
  "Pneumothorax": {
    "a": 0.9676512543295505,
    "b": -2.8566455348667215
  }
}