{
  "Atelectasis": 0.09617386013269424,
  "Cardiomegaly": 0.011839908547699451,
  "Consolidation": 0.038942381739616394,
  "Edema": 0.008153676055371761,
  "Effusion": 0.09270213544368744,
  "Emphysema": 0.022487346082925797,
  "Fibrosis": 0.010683274827897549,
  "Hernia": 0.0005058305687271059,
  "Infiltration": 0.1836298108100891,
  "Mass": 0.042503442615270615,
  "Nodule": 0.061239276081323624,
  "Pleural_Thickening": 0.02817266248166561,
  "Pneumonia": 0.011166210286319256,
  "Pneumothorax": 0.05153898894786835
}