{
  "gender": {
    "M": {
      "count": 8941,
      "mean_auroc": 0.8480879235310683
    },
    "F": {
      "count": 6679,
      "mean_auroc": 0.8428280527302451
    }
  },
  "age": {
    "0-40": {
      "count": 5203,
      "mean_auroc": 0.8454991074496293
    },
    "40-60": {
      "count": 6750,
      "mean_auroc": 0.8484431996027783
    },
    "60+": {
      "count": 3666,
      "mean_auroc": 0.818780577796282
    }
  },
  "view_position": {
    "PA": {
      "count": 9779,
      "mean_auroc": 0.8356171104291388
    },
    "AP": {
      "count": 5841,
      "mean_auroc": 0.8371233514830495
    }
  }
}