{
  "DenseNet-121": {
    "T": 0.9873752224178335,
    "ece_before": 0.23101721225934652,
    "ece_after": 0.22997762899683494,
    "platt_global_ece": 0.004113564483255989,
    "platt_per_disease_ece": 0.00636444915378528,
    "per_disease_ece_before": 0.2310216903091053,
    "platt_params": {
      "Atelectasis": {
        "a": 0.9634744115879406,
        "b": -1.9990860013114997
      },
      "Cardiomegaly": {
        "a": 1.020432677908061,
        "b": -3.8008759457072196
      },
      "Consolidation": {
        "a": 1.0507714421539052,
        "b": -3.134913201050628
      },
      "Edema": {
        "a": 1.1263629235707646,
        "b": -4.282801121300088
      },
      "Effusion": {
        "a": 0.941524871112468,
        "b": -2.0941740267813542
      },
      "Emphysema": {
        "a": 0.8379625301333222,
        "b": -3.3551923608518197
      },
      "Fibrosis": {
        "a": 1.3309213179969526,
        "b": -4.1316890877382875
      },
      "Hernia": {
        "a": 0.9470460295962045,
        "b": -6.750017038306209
      },
      "Infiltration": {
        "a": 1.0086207368740219,
        "b": -1.4477377869481187
      },
      "Mass": {
        "a": 0.9690829050192367,
        "b": -3.0557754708280096
      },
      "Nodule": {
        "a": 0.9771533787484091,
        "b": -2.5794295890209042
      },
      "Pleural_Thickening": {
        "a": 1.2026912958722629,
        "b": -3.1173964744098126
      },
      "Pneumonia": {
        "a": 1.1643691004445016,
        "b": -4.661424016473386
      },
      "Pneumothorax": {
        "a": 0.9478603880502242,
        "b": -2.5998916398170775
      }
    },
    "platt_per_disease_detail": {
      "Atelectasis": 0.006964876394833364,
      "Cardiomegaly": 0.004701430428589525,
      "Consolidation": 0.004506088273358864,
      "Edema": 0.006550051816876276,
      "Effusion": 0.005340810937547004,
      "Emphysema": 0.00737124703748202,
      "Fibrosis": 0.005645898353396681,
      "Hernia": 0.0025155236729314592,
      "Infiltration": 0.012958028503048512,
      "Mass": 0.011428159233492713,
      "Nodule": 0.006140857293877497,
      "Pleural_Thickening": 0.0052638193519091965,
      "Pneumonia": 0.0015207530485845328,
      "Pneumothorax": 0.008194743807066264
    }
  },
  "EfficientNet-B4": {
    "T": 1.071855841139888,
    "ece_before": 0.2352447874675424,
    "ece_after": 0.24047361247674873,
    "platt_global_ece": 0.005917925785174886,
    "platt_per_disease_ece": 0.008030849957000687,
    "per_disease_ece_before": 0.23524478695749343,
    "platt_params": {
      "Atelectasis": {
        "a": 1.057806769712637,
        "b": -2.127116001678271
      },
      "Cardiomegaly": {
        "a": 0.9576689935465568,
        "b": -4.002152706399657
      },
      "Consolidation": {
        "a": 0.9724572044670396,
        "b": -2.9724726384272175
      },
      "Edema": {
        "a": 1.3201390851770214,
        "b": -4.6488991110297695
      },
      "Effusion": {
        "a": 0.9427319118579639,
        "b": -2.013467056829146
      },
      "Emphysema": {
        "a": 0.9310625172559392,
        "b": -4.279431105646661
      },
      "Fibrosis": {
        "a": 1.151184680450884,
        "b": -4.30063475846186
      },
      "Hernia": {
        "a": 0.9128403956510706,
        "b": -6.511531728047946
      },
      "Infiltration": {
        "a": 1.0668572091657618,
        "b": -1.5482399535945914
      },
      "Mass": {
        "a": 1.0251956802428404,
        "b": -3.1158527044864406
      },
      "Nodule": {
        "a": 1.1320948358188363,
        "b": -2.913059433741072
      },
      "Pleural_Thickening": {
        "a": 0.9822663938186942,
        "b": -3.468631101812094
      },
      "Pneumonia": {
        "a": 1.5020527384823708,
        "b": -4.404743224993132
      },
      "Pneumothorax": {
        "a": 0.9676512543295505,
        "b": -2.8566455348667215
      }
    },
    "platt_per_disease_detail": {
      "Atelectasis": 0.0099570289325737,
      "Cardiomegaly": 0.007943229616331069,
      "Consolidation": 0.005634590952028729,
      "Edema": 0.008433757893736361,
      "Effusion": 0.007054884704342648,
      "Emphysema": 0.008893860534230597,
      "Fibrosis": 0.009009697822026345,
      "Hernia": 0.002357400409613763,
      "Infiltration": 0.01836403349507481,
      "Mass": 0.008632993672004928,
      "Nodule": 0.006434049259360867,
      "Pleural_Thickening": 0.006884322463321319,
      "Pneumonia": 0.0035214506624214035,
      "Pneumothorax": 0.009310598980943063
    }
  },
  "Ensemble": {
    "T_densenet": 0.9873752224178335,
    "T_effb4": 1.071855841139888,
    "ece_before": 0.23313100488529526,
    "ece_after": 0.2352256272551768,
    "platt_global_ece": 0.002912633708119937,
    "platt_per_disease_ece": 0.0056786302218120146,
    "per_disease_ece_before": 0.23313100147434124,
    "platt_per_disease_detail": {
      "Atelectasis": 0.006775103407827292,
      "Cardiomegaly": 0.004062265322439935,
      "Consolidation": 0.003589817698897076,
      "Edema": 0.005676338487488387,
      "Effusion": 0.007213147704831769,
      "Emphysema": 0.007851100690297964,
      "Fibrosis": 0.005833928664328194,
      "Hernia": 0.002191731244356642,
      "Infiltration": 0.011099651451586303,
      "Mass": 0.008539360737912213,
      "Nodule": 0.0054008385645900586,
      "Pleural_Thickening": 0.005285113842420937,
      "Pneumonia": 0.0013721654313245597,
      "Pneumothorax": 0.00461025985706688
    }
  }
}