{
  "DenseNet-121": {
    "no_tta": 0.8474728668451331,
    "tta": 0.8480772586886545,
    "diff": 0.0006043918435213458
  },
  "EfficientNet-B4": {
    "no_tta": 0.8450991940509528,
    "tta": 0.8459001425894854,
    "diff": 0.0008009485385326309
  },
  "Ensemble (f0+f3)": {
    "no_tta": 0.8458533231405101,
    "tta": 0.8470003026925687,
    "diff": 0.001146979552058558
  }
}